{"__meta":{"schema_version":3,"schema_name":"GBMModelV3","schema_type":"GBMModel"},"model_id":{"__meta":{"schema_version":3,"schema_name":"ModelKeyV3","schema_type":"Key<Model>"},"name":"housing_gbm","type":"Key<Model>","URL":"/3/Models/housing_gbm"},"algo":"gbm","algo_full_name":"Gradient Boosting Machine","response_column_name":"MEDV","data_frame":{"__meta":{"schema_version":3,"schema_name":"FrameKeyV3","schema_type":"Key<Frame>"},"name":"housing_data2.hex","type":"Key<Frame>","URL":"/3/Frames/housing_data2.hex"},"timestamp":0,"algo":"gbm","algo_full_name":"Gradient Boosting Machine","model_id":{"__meta":{"schema_version":3,"schema_name":"ModelKeyV3","schema_type":"Key<Model>"},"name":"housing_gbm","type":"Key<Model>","URL":"/3/Models/housing_gbm"},"parameters":[{"__meta":{"schema_version":3,"schema_name":"ModelParameterSchemaV3","schema_type":"Iced"},"name":"model_id","label":"model_id","help":"Destination id for this model; auto-generated if not specified.","required":false,"type":"Key<Model>","default_value":null,"actual_value":{"__meta":{"schema_version":3,"schema_name":"ModelKeyV3","schema_type":"Key<Model>"},"name":"housing_gbm","type":"Key<Model>","URL":"/3/Models/housing_gbm"},"level":"critical","values":[],"is_member_of_frames":[],"is_mutually_exclusive_with":[],"gridable":false},{"__meta":{"schema_version":3,"schema_name":"ModelParameterSchemaV3","schema_type":"Iced"},"name":"training_frame","label":"training_frame","help":"Id of the training data frame (Not required, to allow initial validation of model parameters).","required":false,"type":"Key<Frame>","default_value":null,"actual_value":{"__meta":{"schema_version":3,"schema_name":"FrameKeyV3","schema_type":"Key<Frame>"},"name":"housing_data2.hex","type":"Key<Frame>","URL":"/3/Frames/housing_data2.hex"},"level":"critical","values":[],"is_member_of_frames":[],"is_mutually_exclusive_with":[],"gridable":false},{"__meta":{"schema_version":3,"schema_name":"ModelParameterSchemaV3","schema_type":"Iced"},"name":"validation_frame","label":"validation_frame","help":"Id of the validation data frame.","required":false,"type":"Key<Frame>","default_value":null,"actual_value":null,"level":"critical","values":[],"is_member_of_frames":[],"is_mutually_exclusive_with":[],"gridable":true},{"__meta":{"schema_version":3,"schema_name":"ModelParameterSchemaV3","schema_type":"Iced"},"name":"nfolds","label":"nfolds","help":"Number of folds for N-fold cross-validation (0 to disable or >= 2).","required":false,"type":"int","default_value":0,"actual_value":5,"level":"critical","values":[],"is_member_of_frames":[],"is_mutually_exclusive_with":[],"gridable":false},{"__meta":{"schema_version":3,"schema_name":"ModelParameterSchemaV3","schema_type":"Iced"},"name":"keep_cross_validation_predictions","label":"keep_cross_validation_predictions","help":"Whether to keep the predictions of the cross-validation models.","required":false,"type":"boolean","default_value":false,"actual_value":false,"level":"expert","values":[],"is_member_of_frames":[],"is_mutually_exclusive_with":[],"gridable":false},{"__meta":{"schema_version":3,"schema_name":"ModelParameterSchemaV3","schema_type":"Iced"},"name":"keep_cross_validation_fold_assignment","label":"keep_cross_validation_fold_assignment","help":"Whether to keep the cross-validation fold assignment.","required":false,"type":"boolean","default_value":false,"actual_value":false,"level":"expert","values":[],"is_member_of_frames":[],"is_mutually_exclusive_with":[],"gridable":false},{"__meta":{"schema_version":3,"schema_name":"ModelParameterSchemaV3","schema_type":"Iced"},"name":"score_each_iteration","label":"score_each_iteration","help":"Whether to score during each iteration of model training.","required":false,"type":"boolean","default_value":false,"actual_value":false,"level":"secondary","values":[],"is_member_of_frames":[],"is_mutually_exclusive_with":[],"gridable":false},{"__meta":{"schema_version":3,"schema_name":"ModelParameterSchemaV3","schema_type":"Iced"},"name":"score_tree_interval","label":"score_tree_interval","help":"Score the model after every so many trees. Disabled if set to 0.","required":false,"type":"int","default_value":0,"actual_value":0,"level":"secondary","values":[],"is_member_of_frames":[],"is_mutually_exclusive_with":[],"gridable":false},{"__meta":{"schema_version":3,"schema_name":"ModelParameterSchemaV3","schema_type":"Iced"},"name":"fold_assignment","label":"fold_assignment","help":"Cross-validation fold assignment scheme, if fold_column is not specified. The 'Stratified' option will stratify the folds based on the response variable, for classification problems.","required":false,"type":"enum","default_value":"AUTO","actual_value":"AUTO","level":"secondary","values":["AUTO","Random","Modulo","Stratified"],"is_member_of_frames":[],"is_mutually_exclusive_with":[],"gridable":true},{"__meta":{"schema_version":3,"schema_name":"ModelParameterSchemaV3","schema_type":"Iced"},"name":"fold_column","label":"fold_column","help":"Column with cross-validation fold index assignment per observation.","required":false,"type":"VecSpecifier","default_value":null,"actual_value":null,"level":"secondary","values":[],"is_member_of_frames":["training_frame"],"is_mutually_exclusive_with":["response_column","weights_column","ignored_columns","offset_column"],"gridable":true},{"__meta":{"schema_version":3,"schema_name":"ModelParameterSchemaV3","schema_type":"Iced"},"name":"response_column","label":"response_column","help":"Response variable column.","required":false,"type":"VecSpecifier","default_value":null,"actual_value":{"__meta":{"schema_version":3,"schema_name":"ColSpecifierV3","schema_type":"VecSpecifier"},"column_name":"MEDV","is_member_of_frames":null},"level":"critical","values":[],"is_member_of_frames":["training_frame","validation_frame"],"is_mutually_exclusive_with":["weights_column","ignored_columns","offset_column","fold_column"],"gridable":true},{"__meta":{"schema_version":3,"schema_name":"ModelParameterSchemaV3","schema_type":"Iced"},"name":"ignored_columns","label":"ignored_columns","help":"Names of columns to ignore for training.","required":false,"type":"string[]","default_value":null,"actual_value":null,"level":"critical","values":[],"is_member_of_frames":["training_frame","validation_frame"],"is_mutually_exclusive_with":["response_column","weights_column","offset_column","fold_column"],"gridable":false},{"__meta":{"schema_version":3,"schema_name":"ModelParameterSchemaV3","schema_type":"Iced"},"name":"ignore_const_cols","label":"ignore_const_cols","help":"Ignore constant columns.","required":false,"type":"boolean","default_value":true,"actual_value":true,"level":"critical","values":[],"is_member_of_frames":[],"is_mutually_exclusive_with":[],"gridable":false},{"__meta":{"schema_version":3,"schema_name":"ModelParameterSchemaV3","schema_type":"Iced"},"name":"offset_column","label":"offset_column","help":"Offset column. This will be added to the combination of columns before applying the link function.","required":false,"type":"VecSpecifier","default_value":null,"actual_value":null,"level":"secondary","values":[],"is_member_of_frames":["training_frame","validation_frame"],"is_mutually_exclusive_with":["response_column","weights_column","ignored_columns","fold_column"],"gridable":true},{"__meta":{"schema_version":3,"schema_name":"ModelParameterSchemaV3","schema_type":"Iced"},"name":"weights_column","label":"weights_column","help":"Column with observation weights. Giving some observation a weight of zero is equivalent to excluding it from the dataset; giving an observation a relative weight of 2 is equivalent to repeating that row twice. Negative weights are not allowed.","required":false,"type":"VecSpecifier","default_value":null,"actual_value":null,"level":"secondary","values":[],"is_member_of_frames":["training_frame","validation_frame"],"is_mutually_exclusive_with":["response_column","ignored_columns","offset_column","fold_column"],"gridable":true},{"__meta":{"schema_version":3,"schema_name":"ModelParameterSchemaV3","schema_type":"Iced"},"name":"balance_classes","label":"balance_classes","help":"Balance training data class counts via over/under-sampling (for imbalanced data).","required":false,"type":"boolean","default_value":false,"actual_value":false,"level":"secondary","values":[],"is_member_of_frames":[],"is_mutually_exclusive_with":[],"gridable":true},{"__meta":{"schema_version":3,"schema_name":"ModelParameterSchemaV3","schema_type":"Iced"},"name":"class_sampling_factors","label":"class_sampling_factors","help":"Desired over/under-sampling ratios per class (in lexicographic order). If not specified, sampling factors will be automatically computed to obtain class balance during training. Requires balance_classes.","required":false,"type":"float[]","default_value":null,"actual_value":null,"level":"expert","values":[],"is_member_of_frames":[],"is_mutually_exclusive_with":[],"gridable":true},{"__meta":{"schema_version":3,"schema_name":"ModelParameterSchemaV3","schema_type":"Iced"},"name":"max_after_balance_size","label":"max_after_balance_size","help":"Maximum relative size of the training data after balancing class counts (can be less than 1.0). Requires balance_classes.","required":false,"type":"float","default_value":5.0,"actual_value":5.0,"level":"expert","values":[],"is_member_of_frames":[],"is_mutually_exclusive_with":[],"gridable":true},{"__meta":{"schema_version":3,"schema_name":"ModelParameterSchemaV3","schema_type":"Iced"},"name":"max_confusion_matrix_size","label":"max_confusion_matrix_size","help":"[Deprecated] Maximum size (# classes) for confusion matrices to be printed in the Logs","required":false,"type":"int","default_value":20,"actual_value":20,"level":"secondary","values":[],"is_member_of_frames":[],"is_mutually_exclusive_with":[],"gridable":false},{"__meta":{"schema_version":3,"schema_name":"ModelParameterSchemaV3","schema_type":"Iced"},"name":"max_hit_ratio_k","label":"max_hit_ratio_k","help":"Max. number (top K) of predictions to use for hit ratio computation (for multi-class only, 0 to disable)","required":false,"type":"int","default_value":0,"actual_value":0,"level":"secondary","values":[],"is_member_of_frames":[],"is_mutually_exclusive_with":[],"gridable":false},{"__meta":{"schema_version":3,"schema_name":"ModelParameterSchemaV3","schema_type":"Iced"},"name":"ntrees","label":"ntrees","help":"Number of trees.","required":false,"type":"int","default_value":50,"actual_value":100,"level":"critical","values":[],"is_member_of_frames":[],"is_mutually_exclusive_with":[],"gridable":true},{"__meta":{"schema_version":3,"schema_name":"ModelParameterSchemaV3","schema_type":"Iced"},"name":"max_depth","label":"max_depth","help":"Maximum tree depth.","required":false,"type":"int","default_value":5,"actual_value":4,"level":"critical","values":[],"is_member_of_frames":[],"is_mutually_exclusive_with":[],"gridable":true},{"__meta":{"schema_version":3,"schema_name":"ModelParameterSchemaV3","schema_type":"Iced"},"name":"min_rows","label":"min_rows","help":"Fewest allowed (weighted) observations in a leaf.","required":false,"type":"double","default_value":10.0,"actual_value":10.0,"level":"critical","values":[],"is_member_of_frames":[],"is_mutually_exclusive_with":[],"gridable":true},{"__meta":{"schema_version":3,"schema_name":"ModelParameterSchemaV3","schema_type":"Iced"},"name":"nbins","label":"nbins","help":"For numerical columns (real/int), build a histogram of (at least) this many bins, then split at the best point","required":false,"type":"int","default_value":20,"actual_value":20,"level":"critical","values":[],"is_member_of_frames":[],"is_mutually_exclusive_with":[],"gridable":true},{"__meta":{"schema_version":3,"schema_name":"ModelParameterSchemaV3","schema_type":"Iced"},"name":"nbins_top_level","label":"nbins_top_level","help":"For numerical columns (real/int), build a histogram of (at most) this many bins at the root level, then decrease by factor of two per level","required":false,"type":"int","default_value":1024,"actual_value":1024,"level":"secondary","values":[],"is_member_of_frames":[],"is_mutually_exclusive_with":[],"gridable":true},{"__meta":{"schema_version":3,"schema_name":"ModelParameterSchemaV3","schema_type":"Iced"},"name":"nbins_cats","label":"nbins_cats","help":"For categorical columns (factors), build a histogram of this many bins, then split at the best point. Higher values can lead to more overfitting.","required":false,"type":"int","default_value":1024,"actual_value":1024,"level":"secondary","values":[],"is_member_of_frames":[],"is_mutually_exclusive_with":[],"gridable":true},{"__meta":{"schema_version":3,"schema_name":"ModelParameterSchemaV3","schema_type":"Iced"},"name":"r2_stopping","label":"r2_stopping","help":"r2_stopping is no longer supported and will be ignored if set - please use stopping_rounds, stopping_metric and stopping_tolerance instead. Previous version of H2O would stop making trees when the R^2 metric equals or exceeds this","required":false,"type":"double","default_value":1.7976931348623157E308,"actual_value":1.7976931348623157E308,"level":"secondary","values":[],"is_member_of_frames":[],"is_mutually_exclusive_with":[],"gridable":true},{"__meta":{"schema_version":3,"schema_name":"ModelParameterSchemaV3","schema_type":"Iced"},"name":"stopping_rounds","label":"stopping_rounds","help":"Early stopping based on convergence of stopping_metric. Stop if simple moving average of length k of the stopping_metric does not improve for k:=stopping_rounds scoring events (0 to disable)","required":false,"type":"int","default_value":0,"actual_value":0,"level":"secondary","values":[],"is_member_of_frames":[],"is_mutually_exclusive_with":[],"gridable":true},{"__meta":{"schema_version":3,"schema_name":"ModelParameterSchemaV3","schema_type":"Iced"},"name":"stopping_metric","label":"stopping_metric","help":"Metric to use for early stopping (AUTO: logloss for classification, deviance for regression)","required":false,"type":"enum","default_value":"AUTO","actual_value":"AUTO","level":"secondary","values":["AUTO","deviance","logloss","MSE","RMSE","MAE","RMSLE","AUC","lift_top_group","misclassification","mean_per_class_error"],"is_member_of_frames":[],"is_mutually_exclusive_with":[],"gridable":true},{"__meta":{"schema_version":3,"schema_name":"ModelParameterSchemaV3","schema_type":"Iced"},"name":"stopping_tolerance","label":"stopping_tolerance","help":"Relative tolerance for metric-based stopping criterion (stop if relative improvement is not at least this much)","required":false,"type":"double","default_value":0.001,"actual_value":0.001,"level":"secondary","values":[],"is_member_of_frames":[],"is_mutually_exclusive_with":[],"gridable":true},{"__meta":{"schema_version":3,"schema_name":"ModelParameterSchemaV3","schema_type":"Iced"},"name":"max_runtime_secs","label":"max_runtime_secs","help":"Maximum allowed runtime in seconds for model training. Use 0 to disable.","required":false,"type":"double","default_value":0.0,"actual_value":0.0,"level":"secondary","values":[],"is_member_of_frames":[],"is_mutually_exclusive_with":[],"gridable":true},{"__meta":{"schema_version":3,"schema_name":"ModelParameterSchemaV3","schema_type":"Iced"},"name":"seed","label":"seed","help":"Seed for pseudo random number generator (if applicable)","required":false,"type":"long","default_value":-1,"actual_value":-6271242595493815774,"level":"critical","values":[],"is_member_of_frames":[],"is_mutually_exclusive_with":[],"gridable":true},{"__meta":{"schema_version":3,"schema_name":"ModelParameterSchemaV3","schema_type":"Iced"},"name":"build_tree_one_node","label":"build_tree_one_node","help":"Run on one node only; no network overhead but fewer cpus used.  Suitable for small datasets.","required":false,"type":"boolean","default_value":false,"actual_value":false,"level":"expert","values":[],"is_member_of_frames":[],"is_mutually_exclusive_with":[],"gridable":false},{"__meta":{"schema_version":3,"schema_name":"ModelParameterSchemaV3","schema_type":"Iced"},"name":"learn_rate","label":"learn_rate","help":"Learning rate (from 0.0 to 1.0)","required":false,"type":"double","default_value":0.1,"actual_value":0.1,"level":"critical","values":[],"is_member_of_frames":[],"is_mutually_exclusive_with":[],"gridable":true},{"__meta":{"schema_version":3,"schema_name":"ModelParameterSchemaV3","schema_type":"Iced"},"name":"learn_rate_annealing","label":"learn_rate_annealing","help":"Scale the learning rate by this factor after each tree (e.g., 0.99 or 0.999) ","required":false,"type":"double","default_value":1.0,"actual_value":1.0,"level":"secondary","values":[],"is_member_of_frames":[],"is_mutually_exclusive_with":[],"gridable":true},{"__meta":{"schema_version":3,"schema_name":"ModelParameterSchemaV3","schema_type":"Iced"},"name":"distribution","label":"distribution","help":"Distribution function","required":false,"type":"enum","default_value":"AUTO","actual_value":"gaussian","level":"secondary","values":["AUTO","bernoulli","multinomial","gaussian","poisson","gamma","tweedie","laplace","quantile","huber"],"is_member_of_frames":[],"is_mutually_exclusive_with":[],"gridable":true},{"__meta":{"schema_version":3,"schema_name":"ModelParameterSchemaV3","schema_type":"Iced"},"name":"quantile_alpha","label":"quantile_alpha","help":"Desired quantile for Quantile regression, must be between 0 and 1.","required":false,"type":"double","default_value":0.5,"actual_value":0.5,"level":"secondary","values":[],"is_member_of_frames":[],"is_mutually_exclusive_with":[],"gridable":true},{"__meta":{"schema_version":3,"schema_name":"ModelParameterSchemaV3","schema_type":"Iced"},"name":"tweedie_power","label":"tweedie_power","help":"Tweedie power for Tweedie regression, must be between 1 and 2.","required":false,"type":"double","default_value":1.5,"actual_value":1.5,"level":"secondary","values":[],"is_member_of_frames":[],"is_mutually_exclusive_with":[],"gridable":true},{"__meta":{"schema_version":3,"schema_name":"ModelParameterSchemaV3","schema_type":"Iced"},"name":"huber_alpha","label":"huber_alpha","help":"Desired quantile for Huber/M-regression (threshold between quadratic and linear loss, must be between 0 and 1).","required":false,"type":"double","default_value":0.9,"actual_value":0.9,"level":"secondary","values":[],"is_member_of_frames":[],"is_mutually_exclusive_with":[],"gridable":true},{"__meta":{"schema_version":3,"schema_name":"ModelParameterSchemaV3","schema_type":"Iced"},"name":"checkpoint","label":"checkpoint","help":"Model checkpoint to resume training with.","required":false,"type":"Key<Model>","default_value":null,"actual_value":null,"level":"secondary","values":[],"is_member_of_frames":[],"is_mutually_exclusive_with":[],"gridable":false},{"__meta":{"schema_version":3,"schema_name":"ModelParameterSchemaV3","schema_type":"Iced"},"name":"sample_rate","label":"sample_rate","help":"Row sample rate per tree (from 0.0 to 1.0)","required":false,"type":"double","default_value":1.0,"actual_value":1.0,"level":"critical","values":[],"is_member_of_frames":[],"is_mutually_exclusive_with":[],"gridable":true},{"__meta":{"schema_version":3,"schema_name":"ModelParameterSchemaV3","schema_type":"Iced"},"name":"sample_rate_per_class","label":"sample_rate_per_class","help":"Row sample rate per tree per class (from 0.0 to 1.0)","required":false,"type":"double[]","default_value":null,"actual_value":null,"level":"expert","values":[],"is_member_of_frames":[],"is_mutually_exclusive_with":[],"gridable":true},{"__meta":{"schema_version":3,"schema_name":"ModelParameterSchemaV3","schema_type":"Iced"},"name":"col_sample_rate","label":"col_sample_rate","help":"Column sample rate (from 0.0 to 1.0)","required":false,"type":"double","default_value":1.0,"actual_value":1.0,"level":"critical","values":[],"is_member_of_frames":[],"is_mutually_exclusive_with":[],"gridable":true},{"__meta":{"schema_version":3,"schema_name":"ModelParameterSchemaV3","schema_type":"Iced"},"name":"col_sample_rate_change_per_level","label":"col_sample_rate_change_per_level","help":"Relative change of the column sampling rate for every level (from 0.0 to 2.0)","required":false,"type":"double","default_value":1.0,"actual_value":1.0,"level":"expert","values":[],"is_member_of_frames":[],"is_mutually_exclusive_with":[],"gridable":true},{"__meta":{"schema_version":3,"schema_name":"ModelParameterSchemaV3","schema_type":"Iced"},"name":"col_sample_rate_per_tree","label":"col_sample_rate_per_tree","help":"Column sample rate per tree (from 0.0 to 1.0)","required":false,"type":"double","default_value":1.0,"actual_value":1.0,"level":"secondary","values":[],"is_member_of_frames":[],"is_mutually_exclusive_with":[],"gridable":true},{"__meta":{"schema_version":3,"schema_name":"ModelParameterSchemaV3","schema_type":"Iced"},"name":"min_split_improvement","label":"min_split_improvement","help":"Minimum relative improvement in squared error reduction for a split to happen","required":false,"type":"double","default_value":1.0E-5,"actual_value":1.0E-5,"level":"secondary","values":[],"is_member_of_frames":[],"is_mutually_exclusive_with":[],"gridable":true},{"__meta":{"schema_version":3,"schema_name":"ModelParameterSchemaV3","schema_type":"Iced"},"name":"histogram_type","label":"histogram_type","help":"What type of histogram to use for finding optimal split points","required":false,"type":"enum","default_value":"AUTO","actual_value":"AUTO","level":"secondary","values":["AUTO","UniformAdaptive","Random","QuantilesGlobal","RoundRobin"],"is_member_of_frames":[],"is_mutually_exclusive_with":[],"gridable":true},{"__meta":{"schema_version":3,"schema_name":"ModelParameterSchemaV3","schema_type":"Iced"},"name":"max_abs_leafnode_pred","label":"max_abs_leafnode_pred","help":"Maximum absolute value of a leaf node prediction","required":false,"type":"double","default_value":1.7976931348623157E308,"actual_value":1.7976931348623157E308,"level":"expert","values":[],"is_member_of_frames":[],"is_mutually_exclusive_with":[],"gridable":true},{"__meta":{"schema_version":3,"schema_name":"ModelParameterSchemaV3","schema_type":"Iced"},"name":"pred_noise_bandwidth","label":"pred_noise_bandwidth","help":"Bandwidth (sigma) of Gaussian multiplicative noise ~N(1,sigma) for tree node predictions","required":false,"type":"double","default_value":0.0,"actual_value":0.0,"level":"expert","values":[],"is_member_of_frames":[],"is_mutually_exclusive_with":[],"gridable":true},{"__meta":{"schema_version":3,"schema_name":"ModelParameterSchemaV3","schema_type":"Iced"},"name":"categorical_encoding","label":"categorical_encoding","help":"Encoding scheme for categorical features","required":false,"type":"enum","default_value":"AUTO","actual_value":"AUTO","level":"secondary","values":["AUTO","Enum","OneHotInternal","OneHotExplicit","Binary","Eigen"],"is_member_of_frames":[],"is_mutually_exclusive_with":[],"gridable":true}],"output":{"__meta":{"schema_version":3,"schema_name":"GBMModelOutputV3","schema_type":"GBMOutput"},"names":["CRIM","ZN","INDUS","CHAS","NOX","RM","AGE","DIS","RAD","TAX","PTRATIO","B","LSTAT","MEDV"],"domains":[null,null,null,null,null,null,null,null,null,null,null,null,null,null],"cross_validation_models":[{"__meta":{"schema_version":3,"schema_name":"ModelKeyV3","schema_type":"Key<Model>"},"name":"housing_gbm_cv_1","type":"Key<Model>","URL":"/3/Models/housing_gbm_cv_1"},{"__meta":{"schema_version":3,"schema_name":"ModelKeyV3","schema_type":"Key<Model>"},"name":"housing_gbm_cv_2","type":"Key<Model>","URL":"/3/Models/housing_gbm_cv_2"},{"__meta":{"schema_version":3,"schema_name":"ModelKeyV3","schema_type":"Key<Model>"},"name":"housing_gbm_cv_3","type":"Key<Model>","URL":"/3/Models/housing_gbm_cv_3"},{"__meta":{"schema_version":3,"schema_name":"ModelKeyV3","schema_type":"Key<Model>"},"name":"housing_gbm_cv_4","type":"Key<Model>","URL":"/3/Models/housing_gbm_cv_4"},{"__meta":{"schema_version":3,"schema_name":"ModelKeyV3","schema_type":"Key<Model>"},"name":"housing_gbm_cv_5","type":"Key<Model>","URL":"/3/Models/housing_gbm_cv_5"}],"cross_validation_predictions":null,"cross_validation_holdout_predictions_frame_id":null,"cross_validation_fold_assignment_frame_id":null,"model_category":"Regression","model_summary":{"__meta":{"schema_version":3,"schema_name":"TwoDimTableV3","schema_type":"TwoDimTable"},"name":"Model Summary","description":"","columns":[{"__meta":{"schema_version":-1,"schema_name":"ColumnSpecsBase","schema_type":"Iced"},"name":"","type":"string","format":"%s","description":""},{"__meta":{"schema_version":-1,"schema_name":"ColumnSpecsBase","schema_type":"Iced"},"name":"number_of_trees","type":"long","format":"%d","description":"Number of Trees"},{"__meta":{"schema_version":-1,"schema_name":"ColumnSpecsBase","schema_type":"Iced"},"name":"number_of_internal_trees","type":"long","format":"%d","description":"Number of Internal Trees"},{"__meta":{"schema_version":-1,"schema_name":"ColumnSpecsBase","schema_type":"Iced"},"name":"model_size_in_bytes","type":"long","format":"%d","description":"Model Size in Bytes"},{"__meta":{"schema_version":-1,"schema_name":"ColumnSpecsBase","schema_type":"Iced"},"name":"min_depth","type":"long","format":"%d","description":"Min. Depth"},{"__meta":{"schema_version":-1,"schema_name":"ColumnSpecsBase","schema_type":"Iced"},"name":"max_depth","type":"long","format":"%d","description":"Max. Depth"},{"__meta":{"schema_version":-1,"schema_name":"ColumnSpecsBase","schema_type":"Iced"},"name":"mean_depth","type":"double","format":"%.5f","description":"Mean Depth"},{"__meta":{"schema_version":-1,"schema_name":"ColumnSpecsBase","schema_type":"Iced"},"name":"min_leaves","type":"long","format":"%d","description":"Min. Leaves"},{"__meta":{"schema_version":-1,"schema_name":"ColumnSpecsBase","schema_type":"Iced"},"name":"max_leaves","type":"long","format":"%d","description":"Max. Leaves"},{"__meta":{"schema_version":-1,"schema_name":"ColumnSpecsBase","schema_type":"Iced"},"name":"mean_leaves","type":"double","format":"%.5f","description":"Mean Leaves"}],"rowcount":1,"data":[[""],[100],[100],[18214],[4],[4],[4.0],[5],[15],[9.41]]},"scoring_history":{"__meta":{"schema_version":3,"schema_name":"TwoDimTableV3","schema_type":"TwoDimTable"},"name":"Scoring History","description":"","columns":[{"__meta":{"schema_version":-1,"schema_name":"ColumnSpecsBase","schema_type":"Iced"},"name":"","type":"string","format":"%s","description":""},{"__meta":{"schema_version":-1,"schema_name":"ColumnSpecsBase","schema_type":"Iced"},"name":"timestamp","type":"string","format":"%s","description":"Timestamp"},{"__meta":{"schema_version":-1,"schema_name":"ColumnSpecsBase","schema_type":"Iced"},"name":"duration","type":"string","format":"%s","description":"Duration"},{"__meta":{"schema_version":-1,"schema_name":"ColumnSpecsBase","schema_type":"Iced"},"name":"number_of_trees","type":"long","format":"%d","description":"Number of Trees"},{"__meta":{"schema_version":-1,"schema_name":"ColumnSpecsBase","schema_type":"Iced"},"name":"training_rmse","type":"double","format":"%.5f","description":"Training RMSE"},{"__meta":{"schema_version":-1,"schema_name":"ColumnSpecsBase","schema_type":"Iced"},"name":"training_mae","type":"double","format":"%.5f","description":"Training MAE"},{"__meta":{"schema_version":-1,"schema_name":"ColumnSpecsBase","schema_type":"Iced"},"name":"training_deviance","type":"double","format":"%.5f","description":"Training Deviance"}],"rowcount":101,"data":[["","","","","","","","","","","","","","","","","","","","","","","","","","","","","","","","","","","","","","","","","","","","","","","","","","","","","","","","","","","","","","","","","","","","","","","","","","","","","","","","","","","","","","","","","","","","","","","","","","","","",""],["2017-04-18 19:12:17","2017-04-18 19:12:17","2017-04-18 19:12:17","2017-04-18 19:12:17","2017-04-18 19:12:17","2017-04-18 19:12:17","2017-04-18 19:12:17","2017-04-18 19:12:17","2017-04-18 19:12:17","2017-04-18 19:12:17","2017-04-18 19:12:17","2017-04-18 19:12:17","2017-04-18 19:12:17","2017-04-18 19:12:17","2017-04-18 19:12:17","2017-04-18 19:12:17","2017-04-18 19:12:17","2017-04-18 19:12:17","2017-04-18 19:12:17","2017-04-18 19:12:17","2017-04-18 19:12:17","2017-04-18 19:12:17","2017-04-18 19:12:17","2017-04-18 19:12:17","2017-04-18 19:12:17","2017-04-18 19:12:17","2017-04-18 19:12:17","2017-04-18 19:12:17","2017-04-18 19:12:17","2017-04-18 19:12:17","2017-04-18 19:12:17","2017-04-18 19:12:17","2017-04-18 19:12:17","2017-04-18 19:12:17","2017-04-18 19:12:17","2017-04-18 19:12:17","2017-04-18 19:12:17","2017-04-18 19:12:17","2017-04-18 19:12:17","2017-04-18 19:12:17","2017-04-18 19:12:17","2017-04-18 19:12:17","2017-04-18 19:12:17","2017-04-18 19:12:17","2017-04-18 19:12:17","2017-04-18 19:12:17","2017-04-18 19:12:17","2017-04-18 19:12:17","2017-04-18 19:12:17","2017-04-18 19:12:17","2017-04-18 19:12:17","2017-04-18 19:12:17","2017-04-18 19:12:17","2017-04-18 19:12:17","2017-04-18 19:12:17","2017-04-18 19:12:17","2017-04-18 19:12:17","2017-04-18 19:12:17","2017-04-18 19:12:17","2017-04-18 19:12:17","2017-04-18 19:12:17","2017-04-18 19:12:17","2017-04-18 19:12:17","2017-04-18 19:12:17","2017-04-18 19:12:17","2017-04-18 19:12:17","2017-04-18 19:12:17","2017-04-18 19:12:17","2017-04-18 19:12:17","2017-04-18 19:12:17","2017-04-18 19:12:17","2017-04-18 19:12:17","2017-04-18 19:12:17","2017-04-18 19:12:17","2017-04-18 19:12:17","2017-04-18 19:12:17","2017-04-18 19:12:17","2017-04-18 19:12:17","2017-04-18 19:12:17","2017-04-18 19:12:17","2017-04-18 19:12:17","2017-04-18 19:12:17","2017-04-18 19:12:17","2017-04-18 19:12:17","2017-04-18 19:12:17","2017-04-18 19:12:17","2017-04-18 19:12:17","2017-04-18 19:12:17","2017-04-18 19:12:17","2017-04-18 19:12:17","2017-04-18 19:12:17","2017-04-18 19:12:17","2017-04-18 19:12:17","2017-04-18 19:12:17","2017-04-18 19:12:17","2017-04-18 19:12:17","2017-04-18 19:12:17","2017-04-18 19:12:17","2017-04-18 19:12:17","2017-04-18 19:12:17","2017-04-18 19:12:17"],[" 0.719 sec"," 0.723 sec"," 0.725 sec"," 0.727 sec"," 0.730 sec"," 0.732 sec"," 0.734 sec"," 0.736 sec"," 0.738 sec"," 0.741 sec"," 0.743 sec"," 0.745 sec"," 0.748 sec"," 0.750 sec"," 0.752 sec"," 0.754 sec"," 0.756 sec"," 0.758 sec"," 0.760 sec"," 0.762 sec"," 0.763 sec"," 0.765 sec"," 0.767 sec"," 0.769 sec"," 0.771 sec"," 0.773 sec"," 0.775 sec"," 0.776 sec"," 0.778 sec"," 0.780 sec"," 0.782 sec"," 0.784 sec"," 0.786 sec"," 0.788 sec"," 0.791 sec"," 0.793 sec"," 0.795 sec"," 0.797 sec"," 0.799 sec"," 0.801 sec"," 0.803 sec"," 0.805 sec"," 0.806 sec"," 0.808 sec"," 0.810 sec"," 0.812 sec"," 0.814 sec"," 0.816 sec"," 0.818 sec"," 0.820 sec"," 0.822 sec"," 0.824 sec"," 0.826 sec"," 0.828 sec"," 0.830 sec"," 0.832 sec"," 0.834 sec"," 0.837 sec"," 0.839 sec"," 0.841 sec"," 0.844 sec"," 0.847 sec"," 0.852 sec"," 0.854 sec"," 0.856 sec"," 0.858 sec"," 0.861 sec"," 0.862 sec"," 0.865 sec"," 0.867 sec"," 0.869 sec"," 0.872 sec"," 0.874 sec"," 0.876 sec"," 0.879 sec"," 0.881 sec"," 0.883 sec"," 0.885 sec"," 0.887 sec"," 0.889 sec"," 0.891 sec"," 0.893 sec"," 0.896 sec"," 0.899 sec"," 0.901 sec"," 0.904 sec"," 0.906 sec"," 0.908 sec"," 0.910 sec"," 0.913 sec"," 0.915 sec"," 0.917 sec"," 0.920 sec"," 0.922 sec"," 0.924 sec"," 0.927 sec"," 0.929 sec"," 0.931 sec"," 0.933 sec"," 0.935 sec"," 0.937 sec"],[0,1,2,3,4,5,6,7,8,9,10,11,12,13,14,15,16,17,18,19,20,21,22,23,24,25,26,27,28,29,30,31,32,33,34,35,36,37,38,39,40,41,42,43,44,45,46,47,48,49,50,51,52,53,54,55,56,57,58,59,60,61,62,63,64,65,66,67,68,69,70,71,72,73,74,75,76,77,78,79,80,81,82,83,84,85,86,87,88,89,90,91,92,93,94,95,96,97,98,99,100],[9.188011565768752,8.449542522692994,7.794032929756489,7.195185048794961,6.633503409010439,6.177734168438842,5.737320440645407,5.380398449269619,5.022619379159351,4.708010771590302,4.43056696957998,4.182729403926182,3.971060581635715,3.776663255900771,3.5951423460795473,3.446744467327473,3.3103457764436466,3.2059854210159795,3.078455531747053,2.982669341226598,2.897011511280014,2.8135396702658793,2.7441592699809023,2.6827572971388145,2.628579681744663,2.579803394458052,2.5334232883955203,2.4935309798735052,2.452878652020456,2.422049046863127,2.380731857504288,2.353916566753574,2.3308462365450864,2.2972762313009505,2.269363565587414,2.2421023128041524,2.2104832562355137,2.1857697519197883,2.1641782475254647,2.1404888640845288,2.1253630422310246,2.105876948672757,2.089355793144708,2.067048700159824,2.055138449134972,2.038701338234021,2.0260602460172352,2.0119905484546226,1.990637649667364,1.976904854231251,1.961450493214209,1.9509018707484762,1.9344632505885722,1.9188287193504343,1.9081699263952896,1.9004725480565245,1.8853828493815468,1.8804635346141763,1.8599666733160019,1.8509920926229684,1.8321944460331958,1.8179855602015162,1.805966692464782,1.7804946036328189,1.773841160769497,1.7634703526879694,1.7574530796982142,1.7468305848533998,1.7400880272409454,1.730634455538604,1.7140487933976742,1.6998076137764233,1.6939656934840246,1.6864197348795968,1.6745278272286377,1.6719915327976769,1.6676058124336377,1.6497453573238223,1.6411816159975934,1.6354651019418944,1.6309812735586944,1.6239764249348423,1.6183149231507454,1.609374646614002,1.6048504471922236,1.5983589463787231,1.5841780724327161,1.5803749366331006,1.5695111544138967,1.5621103425025102,1.5555144120602016,1.5497526569901956,1.5457949596703984,1.53172842079424,1.5255784536059418,1.5232683725509963,1.5142862530890646,1.5092559961415561,1.4971303581195041,1.486248646832166,1.4817007270680762],[6.647207439787805,6.119770849175133,5.643256564385335,5.2201399520451846,4.818571652348334,4.480925763548599,4.175852425013606,3.9128369229584345,3.6576157558576865,3.4350918404198447,3.232292261990634,3.0445287990947016,2.8887208912212388,2.742623325393134,2.601291573565939,2.4911248146780864,2.391882817264602,2.3121526062252964,2.2157343555344893,2.143412252659854,2.0794686422988833,2.018944806261025,1.9611676427215456,1.920149186854306,1.8776710023993088,1.843633150394726,1.8087674148469104,1.7780406899131804,1.7490833889354358,1.7295056331770222,1.7029582898136184,1.6844800376138198,1.6661931083136396,1.642207017529152,1.6272453884833415,1.6088775250280327,1.5886420562804453,1.5740322246853071,1.5609308919416587,1.5415771365636894,1.5315049702942136,1.512673714415358,1.5011119889647593,1.4887118292420278,1.4829294003045606,1.4699930419092593,1.4620166738985085,1.4498511727148364,1.4369414644279028,1.4296233804800764,1.4189951419830322,1.4090952439741655,1.393337493828634,1.382610459572713,1.3753347085869831,1.3695390752181704,1.3537112149325283,1.3518247415896931,1.339732894784377,1.3340297348414485,1.3169940648813965,1.3099698492660825,1.300800160457023,1.2819746058920156,1.2764679019159009,1.2687265552550908,1.264378499607795,1.2571495615917703,1.25306068955674,1.2491358221755198,1.237663114494957,1.2255501756555007,1.2205290332613254,1.2133232944096501,1.2038782999920752,1.2028376038366626,1.1995213710272266,1.186978009378486,1.183213974647371,1.1782336470637869,1.1746040926620422,1.1715519720386611,1.1676023392809238,1.1616444229608467,1.158095184522184,1.1540559063787046,1.1484180533367654,1.146266313409617,1.1402472290596943,1.1348343771908123,1.1300748167301826,1.125780930161005,1.1229373673676502,1.1153231034636968,1.1118134330855056,1.110213836662383,1.1042271517953384,1.1019035478825625,1.0948336991396816,1.0896490204475613,1.0860234070201165],[84.41955653270035,71.39476884279708,60.74694931012852,51.770687886402555,44.003367477353116,38.16439945589674,32.9168458386476,28.94868747290292,25.22670542790706,22.165365425410307,19.629923671933124,17.49522526646868,15.769322143020984,14.26318534847101,12.925048488574353,11.880047423052545,10.95838915961829,10.278342519767008,9.476888460944032,8.89631639909311,8.39267569648891,7.916005476159833,7.530410099022118,7.197186715351558,6.909431143280874,6.655385554057289,6.418233558184771,6.217696747588922,6.01661368153769,5.866321585410582,5.667884177335816,5.540923203236934,5.432844178416392,5.2774780829002985,5.150010992815622,5.027022781081729,4.8862362260975605,4.7775894084074935,4.683667487062392,4.581692577269876,4.517168061281516,4.434717722951283,4.365407630347352,4.272690328832418,4.223594045112898,4.156303146517188,4.104920120491419,4.0481059670707324,3.962638252273207,3.9081528026830843,3.847288037330263,3.8060181092899046,3.7421480678777046,3.681903654204028,3.6411124679994047,3.6117959059164586,3.5546684887420805,3.5361431050136414,3.459476025846195,3.426171726952756,3.356936488074889,3.3050714971012205,3.2615156942921844,3.1701610335655888,3.1465124636400765,3.109827684809431,3.0886413273407376,3.051417092179271,3.027906342547285,2.9950956186974,2.9379632661480226,2.8893459238522983,2.8695197707008124,2.8440115221913698,2.8040434441630624,2.795555685747125,2.7809091456624526,2.721659744011506,2.693477096688472,2.674746099669811,2.6600999146991406,2.6372994287441514,2.618943190492403,2.590086753163944,2.57554495785308,2.5547513214689017,2.509620165176636,2.497584940338077,2.4633652638296426,2.44018872215331,2.4196250861269943,2.401733297848171,2.3894820573424087,2.3461919550688166,2.3273896181066966,2.320346534814161,2.2930628562945183,2.277853661889241,2.2413993092030347,2.2089350402104446,2.195437044594066]]},"training_metrics":{"__meta":{"schema_version":3,"schema_name":"ModelMetricsRegressionV3","schema_type":"ModelMetricsRegression"},"model":{"__meta":{"schema_version":3,"schema_name":"ModelKeyV3","schema_type":"Key<Model>"},"name":"housing_gbm","type":"Key<Model>","URL":"/3/Models/housing_gbm"},"model_checksum":-7365264090198470586,"frame":{"__meta":{"schema_version":3,"schema_name":"FrameKeyV3","schema_type":"Key<Frame>"},"name":"housing_data2.hex","type":"Key<Frame>","URL":"/3/Frames/housing_data2.hex"},"frame_checksum":-7032131505570325696,"description":null,"model_category":"Regression","scoring_time":1492560737871,"predictions":null,"MSE":2.195437044594066,"RMSE":1.4817007270680762,"nobs":506,"r2":0.973993738716886,"mean_residual_deviance":2.195437044594066,"mae":1.0860234070201165,"rmsle":0.07403406941543053},"validation_metrics":null,"cross_validation_metrics":{"__meta":{"schema_version":3,"schema_name":"ModelMetricsRegressionV3","schema_type":"ModelMetricsRegression"},"model":{"__meta":{"schema_version":3,"schema_name":"ModelKeyV3","schema_type":"Key<Model>"},"name":"housing_gbm","type":"Key<Model>","URL":"/3/Models/housing_gbm"},"model_checksum":-7365264090198470586,"frame":{"__meta":{"schema_version":3,"schema_name":"FrameKeyV3","schema_type":"Key<Frame>"},"name":"housing_data2.hex","type":"Key<Frame>","URL":"/3/Frames/housing_data2.hex"},"frame_checksum":-7032131505570325696,"description":"5-fold cross-validation on training data (Metrics computed for combined holdout predictions)","model_category":"Regression","scoring_time":1492560737873,"predictions":null,"MSE":10.874854136033639,"RMSE":3.297704373656565,"nobs":506,"r2":0.8711808663455692,"mean_residual_deviance":10.874854136033639,"mae":2.2108667889183455,"rmsle":0.1488778479808966},"cross_validation_metrics_summary":{"__meta":{"schema_version":3,"schema_name":"TwoDimTableV3","schema_type":"TwoDimTable"},"name":"Cross-Validation Metrics Summary","description":"","columns":[{"__meta":{"schema_version":-1,"schema_name":"ColumnSpecsBase","schema_type":"Iced"},"name":"","type":"string","format":"%s","description":""},{"__meta":{"schema_version":-1,"schema_name":"ColumnSpecsBase","schema_type":"Iced"},"name":"mean","type":"string","format":"%s","description":"mean"},{"__meta":{"schema_version":-1,"schema_name":"ColumnSpecsBase","schema_type":"Iced"},"name":"sd","type":"string","format":"%s","description":"sd"},{"__meta":{"schema_version":-1,"schema_name":"ColumnSpecsBase","schema_type":"Iced"},"name":"cv_1_valid","type":"string","format":"%s","description":"cv_1_valid"},{"__meta":{"schema_version":-1,"schema_name":"ColumnSpecsBase","schema_type":"Iced"},"name":"cv_2_valid","type":"string","format":"%s","description":"cv_2_valid"},{"__meta":{"schema_version":-1,"schema_name":"ColumnSpecsBase","schema_type":"Iced"},"name":"cv_3_valid","type":"string","format":"%s","description":"cv_3_valid"},{"__meta":{"schema_version":-1,"schema_name":"ColumnSpecsBase","schema_type":"Iced"},"name":"cv_4_valid","type":"string","format":"%s","description":"cv_4_valid"},{"__meta":{"schema_version":-1,"schema_name":"ColumnSpecsBase","schema_type":"Iced"},"name":"cv_5_valid","type":"string","format":"%s","description":"cv_5_valid"}],"rowcount":6,"data":[["mae","mse","r2","residual_deviance","rmse","rmsle"],["2.2025857","10.807704","0.8684074","10.807704","3.26688","0.14686245"],["0.15023787","1.6606528","0.022863403","1.6606528","0.2599984","0.013102692"],["1.9200096","11.078993","0.87927574","11.078993","3.3285122","0.12597387"],["2.4327645","10.203601","0.90378064","10.203601","3.1943076","0.16916707"],["2.301527","11.497074","0.858201","11.497074","3.3907335","0.16588719"],["1.9768164","6.9824867","0.8897887","6.9824867","2.6424396","0.12634346"],["2.3818104","14.276366","0.8109911","14.276366","3.7784078","0.14694068"]]},"status":null,"start_time":1492560737652,"end_time":1492560737873,"run_time":221,"help":{"validation_metrics":"Validation data model metrics", "cross_validation_metrics_summary":"Cross-validation model metrics summary", "run_time":"Runtime in milliseconds", "status":"Job status", "domains":"Domains for categorical columns", "model_category":"Category of the model (e.g., Binomial)", "__meta":"Metadata on this schema instance, to make it self-describing.", "variable_importances":"Variable Importances", "model_summary":"Model summary", "scoring_history":"Scoring history", "help":"Help information for output fields", "end_time":"End time in milliseconds", "names":"Column names", "cross_validation_fold_assignment_frame_id":"Cross-validation fold assignment (each row is assigned to one holdout fold)", "start_time":"Start time in milliseconds", "training_metrics":"Training data model metrics", "cross_validation_models":"Cross-validation models (model ids)", "cross_validation_metrics":"Cross-validation model metrics", "cross_validation_predictions":"Cross-validation predictions, one per cv model (deprecated, use cross_validation_holdout_predictions_frame_id instead)", "init_f":"The Intercept term, the initial model function value to which trees make adjustments", "cross_validation_holdout_predictions_frame_id":"Cross-validation holdout predictions (full out-of-sample predictions on training data)"},"variable_importances":{"__meta":{"schema_version":3,"schema_name":"TwoDimTableV3","schema_type":"TwoDimTable"},"name":"Variable Importances","description":"","columns":[{"__meta":{"schema_version":-1,"schema_name":"ColumnSpecsBase","schema_type":"Iced"},"name":"variable","type":"string","format":"%s","description":"Variable"},{"__meta":{"schema_version":-1,"schema_name":"ColumnSpecsBase","schema_type":"Iced"},"name":"relative_importance","type":"double","format":"%5f","description":"Relative Importance"},{"__meta":{"schema_version":-1,"schema_name":"ColumnSpecsBase","schema_type":"Iced"},"name":"scaled_importance","type":"double","format":"%5f","description":"Scaled Importance"},{"__meta":{"schema_version":-1,"schema_name":"ColumnSpecsBase","schema_type":"Iced"},"name":"percentage","type":"double","format":"%5f","description":"Percentage"}],"rowcount":13,"data":[["RM","LSTAT","DIS","NOX","CRIM","PTRATIO","AGE","TAX","B","ZN","INDUS","RAD","CHAS"],[94722.6640625,84150.375,13878.32421875,6620.62744140625,6510.10888671875,4690.181640625,2680.87548828125,2336.490234375,2047.08740234375,515.8052978515625,411.9056701660156,397.13214111328125,14.25473403930664],[1.0,0.8883869117582653,0.146515349373966,0.06989486103386852,0.06872810167610197,0.049514883127973676,0.02830236580458033,0.024666644012813394,0.021611379099230558,0.00544542642414727,0.004348543975644853,0.004192577827532861,1.50489158855383E-4],[0.43257131667446225,0.38429069613563216,0.06337833759171532,0.030234512066199076,0.029729805434567744,0.02141871818964969,0.012242791641089589,0.01067008267856293,0.009348462712105116,0.002355535278147293,0.0018810553931614949,0.0018135889111160462,6.509729359130534E-5]]},"init_f":22.532806324110698},"compatible_frames":null}
